{"cameraMode":{"drawMode":0,"name":"Shaded","section":"Shading Mode"},"sceneLighting":true,"audioPlay":false,"sceneViewState":{"showFog":true,"showMaterialUpdate":false,"showSkybox":true,"showFlares":true,"showImageEffects":true,"showParticleSystems":true,"showVisualEffectGraphs":true,"m_FxEnabled":true},"in2DMode":false,"pivot":{"x":22.372825622558595,"y":7.943580627441406,"z":-4.4556732177734379},"rotation":{"x":0.49934324622154238,"y":0.10090301930904389,"z":-0.058688871562480929,"w":0.8585109710693359},"size":11.1245698928833,"orthographic":false}